,0
0,/tg_l4922_w1980_h1383_hp681_tq697_wt1920.png
1,/tg_l4992_w1897_h1503_hp365_tq350_wt1718.png
2,/tg_l4620_w1810_h1370_hp260_tq240_wt1330.png
3,/tg_l5088_w1907_h1486_hp345_tq500_wt1887.png
4,/tg_l4783_w1897_h1348_hp455_tq617_wt1713.png
5,/tg_l4461_w1854_h1410_hp365_tq500_wt1570.png
6,/tg_l4512_w2093_h1188_hp666_tq700_wt1330.png
7,/tg_l4710_w2145_h1280_hp715_tq663_wt1693.png
8,/tg_l4568_w1952_h1213_hp660_tq760_wt1525.png
9,/tg_l4922_w1980_h1383_hp681_tq697_wt1920.png
10,/tg_4605_w1975_h1206_hp710_tq770_wt1385.png
11,/tg_l4943_w2030_h1136_hp770_tq720_wt1575.png
12,/tg_l4546_w2075_h1262_hp585_tq700_wt1570.png
13,/tg_l4459_w1924_h1165_hp630_tq600_wt1422.png
14,/tg_l5813_w2204_h1976_hp450_tq691_wt2680.png
15,/tg_l4731_w1942_h1273_hp769_tq520_wt1520.png
16,/tg_l4470_w1923_h1311_hp575_tq700_wt1594.png
17,/tg_l4510_w1770_h1480_hp291_tq407_wt1505.png
